Object Name,Price,Period,Link
AN ATTIC BLACK-FIGURED TREFOIL-LIPPED OINOCHOE,"Price Realised
GBP 8,125","ATTRIBUTED TO THE GELA PAINTER, CIRCA 510-490 B.C.",https://www.christies.com/lot/lot-6342742?ldp_breadcrumb=back&intObjectID=6342742&from=salessummary&lid=1
A GREEK MEGARIAN WARE POTTERY BOWL,"Price Realised
GBP 1,500","HELLENISTIC PERIOD, CIRCA 2ND CENTURY B.C.",https://www.christies.com/lot/lot-6342743?ldp_breadcrumb=back&intObjectID=6342743&from=salessummary&lid=1
AN ATTIC WHITE-GROUND LEKYTHOS,"Price Realised
GBP 18,750",CIRCA MID 5TH CENTURY B.C.,https://www.christies.com/lot/lot-6342744?ldp_breadcrumb=back&intObjectID=6342744&from=salessummary&lid=1
SEVEN GREEK TERRACOTTAS,"Price Realised
GBP 4,375","HELLENISTIC PERIOD, CIRCA 3RD-2ND CENTURY B.C.",https://www.christies.com/lot/lot-6342746?ldp_breadcrumb=back&intObjectID=6342746&from=salessummary&lid=1
AN ETRUSCAN BRONZE HANDLE FRAGMENT,"Price Realised
GBP 2,500",CIRCA 5TH-4TH CENTURY B.C.,https://www.christies.com/lot/lot-6342747?ldp_breadcrumb=back&intObjectID=6342747&from=salessummary&lid=1
AN ATTIC BLACK-FIGURED HYDRIA,"Price Realised
GBP 118,750","ATTRIBUTED TO THE LEAGROS GROUP, CIRCA 520-510 B.C.",https://www.christies.com/lot/lot-6342748?ldp_breadcrumb=back&intObjectID=6342748&from=salessummary&lid=1
AN ETRUSCAN BRONZE MIRROR,"Price Realised
GBP 4,000",CIRCA 3RD-2ND CENTURY B.C.,https://www.christies.com/lot/lot-6342749?ldp_breadcrumb=back&intObjectID=6342749&from=salessummary&lid=1
AN ETRUSCAN BRONZE SITULA HANDLE,"Price Realised
GBP 1,375",CIRCA LATE 4TH CENTURY B.C.,https://www.christies.com/lot/lot-6342750?ldp_breadcrumb=back&intObjectID=6342750&from=salessummary&lid=1
A GREEK BRONZE DANCING SATYR,"Price Realised
GBP 6,875","HELLENISTIC PERIOD, CIRCA 2ND CENTURY B.C.",https://www.christies.com/lot/lot-6342751?ldp_breadcrumb=back&intObjectID=6342751&from=salessummary&lid=1
AN ETRUSCAN BRONZE VOTIVE FEMALE FIGURE,"Price Realised
GBP 6,875",CIRCA EARLY 5TH CENTURY B.C.,https://www.christies.com/lot/lot-6342752?ldp_breadcrumb=back&intObjectID=6342752&from=salessummary&lid=1
AN ATTIC RED-FIGURED NOLAN AMPHORA,"Price Realised
GBP 387,500","ATTRIBUTED TO HERMONAX, CIRCA 470 B.C.",https://www.christies.com/lot/lot-6342753?ldp_breadcrumb=back&intObjectID=6342753&from=salessummary&lid=1
TWO PAIRS OF GREEK AND ROMAN GOLD EARRINGS,"Price Realised
GBP 10,625",CIRCA 2ND CENTURY B.C. - 2ND CENTURY A.D.,https://www.christies.com/lot/lot-6342754?ldp_breadcrumb=back&intObjectID=6342754&from=salessummary&lid=1
TWO PAIRS OF GREEK GOLD EARRINGS,"Price Realised
GBP 8,750","HELLENISTIC PERIOD, CIRCA 3RD-2ND CENTURY B.C.",https://www.christies.com/lot/lot-6342755?ldp_breadcrumb=back&intObjectID=6342755&from=salessummary&lid=1
A GROUP OF GREEK AND ROMAN GOLD JEWELLERY,"Price Realised
GBP 6,000",CIRCA 2ND CENTURY B.C. - 4TH CENTURY A.D.,https://www.christies.com/lot/lot-6342756?ldp_breadcrumb=back&intObjectID=6342756&from=salessummary&lid=1
FIVE PAIRS OF ROMAN GOLD EARRINGS,"Price Realised
GBP 6,875",CIRCA 1ST-3RD CENTURY A.D.,https://www.christies.com/lot/lot-6342757?ldp_breadcrumb=back&intObjectID=6342757&from=salessummary&lid=1
A GROUP OF GREEK GOLD JEWELLERY,"Price Realised
GBP 4,750",CIRCA 3RD-1ST CENTURY B.C.,https://www.christies.com/lot/lot-6342758?ldp_breadcrumb=back&intObjectID=6342758&from=salessummary&lid=1
FIVE ROMAN GOLD AND INTAGLIO FINGER RINGS AND A LATER RING,"Price Realised
GBP 8,750",CIRCA 1ST CENTURY B.C.-3RD CENTURY A.D.,https://www.christies.com/lot/lot-6342759?ldp_breadcrumb=back&intObjectID=6342759&from=salessummary&lid=1
AN EGYPTIAN CORE-FORMED GLASS AMPHORISKOS,"Price Realised
GBP 175,000","NEW KINGDOM, 19TH DYNASTY, CIRCA 1292-1185 B.C.",https://www.christies.com/lot/lot-6342760?ldp_breadcrumb=back&intObjectID=6342760&from=salessummary&lid=1
A ROMAN MARBLED GLASS FLASK,"Price Realised
GBP 32,500",CIRCA 1ST CENTURY A.D.,https://www.christies.com/lot/lot-6342761?ldp_breadcrumb=back&intObjectID=6342761&from=salessummary&lid=1
FOUR EASTERN MEDITERRANEAN AND ROMAN GLASS VESSELS,"Price Realised
GBP 8,750",CIRCA 4TH CENTURY B.C.-4TH CENTURY A.D.,https://www.christies.com/lot/lot-6342762?ldp_breadcrumb=back&intObjectID=6342762&from=salessummary&lid=1
A LATE ROMAN GLASS JAR,"Price Realised
GBP 16,250",CIRCA 4TH-5TH CENTURY A.D.,https://www.christies.com/lot/lot-6342763?ldp_breadcrumb=back&intObjectID=6342763&from=salessummary&lid=1
THREE ROMAN GLASS VESSELS,"Price Realised
GBP 2,000",CIRCA 1ST-5TH CENTURY A.D.,https://www.christies.com/lot/lot-6342764?ldp_breadcrumb=back&intObjectID=6342764&from=salessummary&lid=1
SIX ROMAN AND ISLAMIC GLASS VESSELS,"Price Realised
GBP 5,000",CIRCA 1ST-10TH CENTURY A.D.,https://www.christies.com/lot/lot-6342765?ldp_breadcrumb=back&intObjectID=6342765&from=salessummary&lid=1
TWO LATE ROMAN GLASS VESSELS,"Price Realised
GBP 8,750",CIRCA 4TH-5TH CENTURY A.D.,https://www.christies.com/lot/lot-6342766?ldp_breadcrumb=back&intObjectID=6342766&from=salessummary&lid=1
TWO LATE ROMAN GLASS FLASKS,"Price Realised
GBP 8,750",CIRCA 4TH-5TH CENTURY A.D.,https://www.christies.com/lot/lot-6342767?ldp_breadcrumb=back&intObjectID=6342767&from=salessummary&lid=1
A CYCLADIC MARBLE HEAD,"Price Realised
GBP 22,500","EARLY SPEDOS VARIETY, EARLY CYCLADIC II, CIRCA 2600-2500 B.C.",https://www.christies.com/lot/lot-6342768?ldp_breadcrumb=back&intObjectID=6342768&from=salessummary&lid=1
A CYCLADIC MARBLE SCHEMATIC IDOL AND PALETTE,"Price Realised
GBP 3,000","EARLY CYCLADIC I-III, CIRCA 3200-2000 B.C.",https://www.christies.com/lot/lot-6342769?ldp_breadcrumb=back&intObjectID=6342769&from=salessummary&lid=1
A CYCLADIC MARBLE SHALLOW LUG BOWL,"Price Realised
GBP 1,750","GROTTA-PELOS CULTURE, CIRCA 3000-2800 B.C.",https://www.christies.com/lot/lot-6342770?ldp_breadcrumb=back&intObjectID=6342770&from=salessummary&lid=1
A CYCLADIC MARBLE PALETTE,"Price Realised
GBP 5,250","EARLY CYCLADIC I, CIRCA 3200-2700 B.C.",https://www.christies.com/lot/lot-6342771?ldp_breadcrumb=back&intObjectID=6342771&from=salessummary&lid=1
A CYCLADIC MARBLE KANDILA,"Price Realised
GBP 9,375","EARLY CYCLADIC I, CIRCA 3200-2700 B.C.",https://www.christies.com/lot/lot-6342773?ldp_breadcrumb=back&intObjectID=6342773&from=salessummary&lid=1
A CYCLADIC POTTERY LIDDED PYXIS,"Price Realised
GBP 10,625","EARLY CYCLADIC II, CIRCA 2800-2300 B.C.",https://www.christies.com/lot/lot-6342774?ldp_breadcrumb=back&intObjectID=6342774&from=salessummary&lid=1
TWO CYCLADIC POTTERY PYXIDES,"Price Realised
GBP 1,375","EARLY CYCLADIC I, CIRCA 3200-2700 B.C.",https://www.christies.com/lot/lot-6342776?ldp_breadcrumb=back&intObjectID=6342776&from=salessummary&lid=1
A CYCLADIC MARBLE BOWL,"Price Realised
GBP 2,750","EARLY CYCLADIC II, CIRCA 2700-2200 B.C.",https://www.christies.com/lot/lot-6342777?ldp_breadcrumb=back&intObjectID=6342777&from=salessummary&lid=1
FOUR CYCLADIC MARBLE BOWLS,"Price Realised
GBP 3,500","EARLY CYCLADIC I-II, CIRCA 3200-2300 B.C.",https://www.christies.com/lot/lot-6342778?ldp_breadcrumb=back&intObjectID=6342778&from=salessummary&lid=1
A MINOAN SERPENTINE OIL LAMP,"Price Realised
GBP 6,250","MINOAN III-MIDDLE MINOAN II, CIRCA 2000 B.C.",https://www.christies.com/lot/lot-6342779?ldp_breadcrumb=back&intObjectID=6342779&from=salessummary&lid=1
A MINOAN TERRACOTTA VOTIVE FIGURE OF A MAN,"Price Realised
GBP 9,375","MIDDLE MINOAN, CIRCA 2000-1700 B.C.",https://www.christies.com/lot/lot-6342780?ldp_breadcrumb=back&intObjectID=6342780&from=salessummary&lid=1
A MYCENAEAN POTTERY KYLIX,"Price Realised
GBP 17,500","LATE HELLADIC III, CIRCA 1300 B.C.",https://www.christies.com/lot/lot-6342781?ldp_breadcrumb=back&intObjectID=6342781&from=salessummary&lid=1
A MYCENAEAN PAINTED TERRACOTTA ENTHRONED FIGURE,"Price Realised
GBP 3,000","LATE HELLADIC III, CIRCA 1400-1100 B.C.",https://www.christies.com/lot/lot-6342782?ldp_breadcrumb=back&intObjectID=6342782&from=salessummary&lid=1
A GREEK TERRACOTTA FIGURE,"Price Realised
GBP 2,750",CIRCA LATE 6TH CENTURY B.C.,https://www.christies.com/lot/lot-6342783?ldp_breadcrumb=back&intObjectID=6342783&from=salessummary&lid=1
AN ETRUSCAN FRAGMENTARY TERRACOTTA GORGONEION ANTEFIX,"Price Realised
GBP 2,125",CIRCA 5TH CENTURY B.C.,https://www.christies.com/lot/lot-6342785?ldp_breadcrumb=back&intObjectID=6342785&from=salessummary&lid=1
AN ETRUSCAN TERRACOTTA HEAD OF A YOUTH,"Price Realised
GBP 3,750",CIRCA 4TH CENTURY B.C.,https://www.christies.com/lot/lot-6342787?ldp_breadcrumb=back&intObjectID=6342787&from=salessummary&lid=1
AN ATTIC POTTERY FIGURAL OINOCHOE,"Price Realised
GBP 6,000",CIRCA EARLY 5TH CENTURY B.C.,https://www.christies.com/lot/lot-6342788?ldp_breadcrumb=back&intObjectID=6342788&from=salessummary&lid=1
AN ATTIC POTTERY HERAKLES FIGURAL OINOCHOE,"Price Realised
GBP 8,125","ATTRIBUTED TO THE COOK CLASS, CIRCA 500-475 B.C.",https://www.christies.com/lot/lot-6342789?ldp_breadcrumb=back&intObjectID=6342789&from=salessummary&lid=1
AN ATTIC POTTERY FIGURAL OINOCHOE,"Price Realised
GBP 2,125","ATTRIBUTED TO THE COOK CLASS, CIRCA 500-475 B.C.",https://www.christies.com/lot/lot-6342790?ldp_breadcrumb=back&intObjectID=6342790&from=salessummary&lid=1
AN ATTIC BLACK-FIGURED AMPHORA,"Price Realised
GBP 27,500",CIRCA LATE 6TH CENTURY B.C.,https://www.christies.com/lot/lot-6342791?ldp_breadcrumb=back&intObjectID=6342791&from=salessummary&lid=1
AN ATTIC BLACK-FIGURED MASTOID SKYPHOS,"Price Realised
GBP 3,000","CIRCLE OF THE HAIMON PAINTER, CIRCA EARLY 5TH CENTURY B.C.",https://www.christies.com/lot/lot-6342792?ldp_breadcrumb=back&intObjectID=6342792&from=salessummary&lid=1
AN ATTIC BLACK GLAZED KANTHAROS AND FEEDER FLASK,"Price Realised
GBP 1,375",CIRCA 5TH-4TH CENTURY B.C.,https://www.christies.com/lot/lot-6342793?ldp_breadcrumb=back&intObjectID=6342793&from=salessummary&lid=1
AN ATTIC RED-FIGURED LEKYTHOS,"Price Realised
GBP 10,625","ATTRIBUTED TO THE BOWDOIN PAINTER, CIRCA 475 B.C.",https://www.christies.com/lot/lot-6342794?ldp_breadcrumb=back&intObjectID=6342794&from=salessummary&lid=1
AN ATTIC RED-FIGURED KYLIX,"Price Realised
GBP 8,750","ATTRIBUTED TO GROUP YZ, CIRCA 4TH CENTURY B.C.",https://www.christies.com/lot/lot-6342795?ldp_breadcrumb=back&intObjectID=6342795&from=salessummary&lid=1
TWO APULIAN RED-FIGURED PLATES,"Price Realised
GBP 2,750",CIRCA LATE 4TH CENTURY B.C.,https://www.christies.com/lot/lot-6342796?ldp_breadcrumb=back&intObjectID=6342796&from=salessummary&lid=1
TWO APULIAN GNATHIAN-WARE PROCHOI,"Price Realised
GBP 2,000",CIRCA LATE 4TH CENTURY B.C.,https://www.christies.com/lot/lot-6342797?ldp_breadcrumb=back&intObjectID=6342797&from=salessummary&lid=1
TWO APULIAN GNATHIAN-WARE SKYPHOI,"Price Realised
GBP 2,000",CIRCA 320-310 B.C.,https://www.christies.com/lot/lot-6342798?ldp_breadcrumb=back&intObjectID=6342798&from=salessummary&lid=1
AN APULIAN RED-FIGURED SQUAT LEKYTHOS,"Price Realised
GBP 2,500",CIRCA MID 4TH CENTURY B.C.,https://www.christies.com/lot/lot-6342799?ldp_breadcrumb=back&intObjectID=6342799&from=salessummary&lid=1
A GREEK BLACK-GLAZED HYDRIA,"Price Realised
GBP 2,500","SOUTH ITALY, CIRCA LATE 4TH CENTURY B.C.",https://www.christies.com/lot/lot-6342800?ldp_breadcrumb=back&intObjectID=6342800&from=salessummary&lid=1
AN APULIAN XENON WARE STEMLESS KYLIX AND A KANTHAROS,"Price Realised
GBP 2,125",CIRCA LATE 4TH CENTURY B.C.,https://www.christies.com/lot/lot-6342801?ldp_breadcrumb=back&intObjectID=6342801&from=salessummary&lid=1
FOUR CANOSAN TERRACOTTA FEMALE FIGURES,"Price Realised
GBP 7,500","APULIA, CIRCA 3RD CENTURY B.C.",https://www.christies.com/lot/lot-6342802?ldp_breadcrumb=back&intObjectID=6342802&from=salessummary&lid=1
FIVE CANOSAN TERRACOTTAS,"Price Realised
GBP 750","APULIA, CIRCA 3RD CENTURY B.C.",https://www.christies.com/lot/lot-6342803?ldp_breadcrumb=back&intObjectID=6342803&from=salessummary&lid=1
A CANOSAN POTTERY FIGURAL OINOCHOE,"Price Realised
GBP 1,625","APULIA, CIRCA LATE 4TH-EARLY 3RD CENTURY B.C.",https://www.christies.com/lot/lot-6342804?ldp_breadcrumb=back&intObjectID=6342804&from=salessummary&lid=1
A PAIR OF CANOSAN TERRACOTTA HORSES,"Price Realised
GBP 27,500","APULIA, CIRCA 3RD CENTURY B.C.",https://www.christies.com/lot/lot-6342805?ldp_breadcrumb=back&intObjectID=6342805&from=salessummary&lid=1
A GREEK MARBLE HEAD OF A YOUTH,"Price Realised
GBP 8,750","LATE CLASSICAL TO EARLY HELLENISTIC PERIOD, CIRCA 4TH CENTURY B.C.",https://www.christies.com/lot/lot-6342807?ldp_breadcrumb=back&intObjectID=6342807&from=salessummary&lid=1
A MINOAN SERPENTINE TWO-HANDLED CUP,"Price Realised
USD 11,250","MIDDLE MINOAN I-LATE MINOAN I, CIRCA 2000-1450 B.C.",https://www.christies.com/lot/lot-6338547?ldp_breadcrumb=back&intObjectID=6338547&from=salessummary&lid=1
A CYCLADIC MARBLE FEMALE FIGURE,"Price Realised
USD 162,500","EARLY SPEDOS VARIETY, CIRCA 2600-2500 B.C.",https://www.christies.com/lot/lot-6338548?ldp_breadcrumb=back&intObjectID=6338548&from=salessummary&lid=1
A CYCLADIC MARBLE FEMALE FIGURE,"Price Realised
USD 125,000","ATTRIBUTED TO THE NAXOS MUSEUM SCULPTOR, LATE SPEDOS VARIETY, CIRCA 2500-2400 B.C.",https://www.christies.com/lot/lot-6338549?ldp_breadcrumb=back&intObjectID=6338549&from=salessummary&lid=1
A CYPRIOT BICHROME WARE POTTERY AMPHORA,"Price Realised
USD 22,500","CYPRO-ARCHAIC I, CIRCA 750-600 B.C.",https://www.christies.com/lot/lot-6338550?ldp_breadcrumb=back&intObjectID=6338550&from=salessummary&lid=1
A CORINTHIAN BLACK-FIGURED ARYBALLOS,"Price Realised
USD 3,250",CIRCA EARLY 6TH CENTURY B.C.,https://www.christies.com/lot/lot-6338551?ldp_breadcrumb=back&intObjectID=6338551&from=salessummary&lid=1
A CORINTHIAN BLACK-FIGURED LIDDED PYXIS,"Price Realised
USD 5,625",CIRCA LATE 7TH-EARLY 6TH CENTURY B.C.,https://www.christies.com/lot/lot-6338552?ldp_breadcrumb=back&intObjectID=6338552&from=salessummary&lid=1
AN ATTIC BLACK-FIGURED TYRRHENIAN NECK-AMPHORA,"Price Realised
USD 60,000","ATTRIBUTED TO THE GOLTYR PAINTER, CIRCA 560 B.C.",https://www.christies.com/lot/lot-6338553?ldp_breadcrumb=back&intObjectID=6338553&from=salessummary&lid=1
AN ATTIC BLACK-FIGURED BAND-CUP,"Price Realised
USD 30,000",CIRCA 540-530 B.C.,https://www.christies.com/lot/lot-6338554?ldp_breadcrumb=back&intObjectID=6338554&from=salessummary&lid=1
AN ATTIC BLACK-FIGURED LIDDED NECK-AMPHORA OF PANATHENAIC SHAPE,"Price Realised
USD 193,750","ATTRIBUTED TO GROUP E, CIRCA 550-540 B.C.",https://www.christies.com/lot/lot-6338555?ldp_breadcrumb=back&intObjectID=6338555&from=salessummary&lid=1
AN ATTIC BLACK-FIGURED FOOTED DISH,"Price Realised
USD 5,000",CIRCA EARLY 5TH CENTURY B.C.,https://www.christies.com/lot/lot-6338557?ldp_breadcrumb=back&intObjectID=6338557&from=salessummary&lid=1
AN ATTIC BLACK-FIGURED LEKYTHOS,"Price Realised
USD 7,500","ATTRIBUTED TO THE CLASS OF ATHENS 581, CIRCA LATE 6TH-EARLY 5TH CENTURY B.C.",https://www.christies.com/lot/lot-6338558?ldp_breadcrumb=back&intObjectID=6338558&from=salessummary&lid=1
AN ATTIC BLACK-FIGURED NECK-AMPHORA,"Price Realised
USD 21,250",CIRCA 520-500 B.C.,https://www.christies.com/lot/lot-6338559?ldp_breadcrumb=back&intObjectID=6338559&from=salessummary&lid=1
AN ATTIC RED-FIGURED KYLIX,"Price Realised
USD 22,500","MANNER OF DOURIS, CIRCA 480 B.C.",https://www.christies.com/lot/lot-6338560?ldp_breadcrumb=back&intObjectID=6338560&from=salessummary&lid=1
AN ATTIC RED-FIGURED GLAUX,"Price Realised
USD 10,000",CIRCA 450 B.C.,https://www.christies.com/lot/lot-6338561?ldp_breadcrumb=back&intObjectID=6338561&from=salessummary&lid=1
AN ATTIC RED-FIGURED GLAUX,"Price Realised
USD 8,750",CIRCA 450 B.C.,https://www.christies.com/lot/lot-6338562?ldp_breadcrumb=back&intObjectID=6338562&from=salessummary&lid=1
AN ATTIC POTTERY FIGURAL LEKYTHOS IN THE FORM OF A SPHINX,"Price Realised
USD 23,750",CIRCA 380-360 B.C.,https://www.christies.com/lot/lot-6338564?ldp_breadcrumb=back&intObjectID=6338564&from=salessummary&lid=1
AN ILLYRIAN RED-FIGURED AMPHORA,"Price Realised
USD 25,000",CIRCA 400-350 B.C.,https://www.christies.com/lot/lot-6338565?ldp_breadcrumb=back&intObjectID=6338565&from=salessummary&lid=1
AN APULIAN RED-FIGURED PELIKE,"Price Realised
USD 20,000","ATTRIBUTED TO THE DECHTER PAINTER, CIRCA 360-340 B.C.",https://www.christies.com/lot/lot-6338566?ldp_breadcrumb=back&intObjectID=6338566&from=salessummary&lid=1
AN APULIAN RED-FIGURED BELL-KRATER,"Price Realised
USD 15,000","ATTRIBUTED TO THE DECHTER PAINTER, CIRCA 360-340 B.C.",https://www.christies.com/lot/lot-6338567?ldp_breadcrumb=back&intObjectID=6338567&from=salessummary&lid=1
AN APULIAN RED-FIGURED COLUMN-KRATER,"Price Realised
USD 15,000","ATTRIBUTED TO THE LETET GROUP, CIRCA 360-340 B.C.",https://www.christies.com/lot/lot-6338568?ldp_breadcrumb=back&intObjectID=6338568&from=salessummary&lid=1
AN APULIAN RED-FIGURED PELIKE,"Price Realised
USD 12,500","ATTRIBUTED TO THE FORLÌ PAINTER, CIRCA 340-320 B.C.",https://www.christies.com/lot/lot-6338569?ldp_breadcrumb=back&intObjectID=6338569&from=salessummary&lid=1
AN APULIAN RED-FIGURED OINOCHOE,"Price Realised
USD 5,250","ATTRIBUTED TO THE WHITE SACCOS PAINTER, CIRCA 320-310 B.C.",https://www.christies.com/lot/lot-6338570?ldp_breadcrumb=back&intObjectID=6338570&from=salessummary&lid=1
AN APULIAN RED-FIGURED AMPHORA,"Price Realised
USD 8,125","ATTRIBUTED TO A LATE FOLLOWER OF THE FORLÌ PAINTER, CIRCA 320 B.C.",https://www.christies.com/lot/lot-6338571?ldp_breadcrumb=back&intObjectID=6338571&from=salessummary&lid=1
AN APULIAN RED-FIGURED HYDRIA,"Price Realised
USD 11,875","ATTRIBUTED TO THE PAINTER OF BERLIN F 3383, CIRCA 340-320 B.C.",https://www.christies.com/lot/lot-6338572?ldp_breadcrumb=back&intObjectID=6338572&from=salessummary&lid=1
AN APULIAN RED-FIGURED CHOUS,"Price Realised
USD 11,875","ATTRIBUTED TO THE CHOES GROUP, CIRCA MID 4TH CENTURY B.C.",https://www.christies.com/lot/lot-6338573?ldp_breadcrumb=back&intObjectID=6338573&from=salessummary&lid=1
AN APULIAN RED-FIGURED VOLUTE-KRATER,"Price Realised
USD 13,750",CIRCA LATE 4TH CENTURY B.C.,https://www.christies.com/lot/lot-6338574?ldp_breadcrumb=back&intObjectID=6338574&from=salessummary&lid=1
A CAMPANIAN RED-FIGURED SKYPHOS,"Price Realised
USD 13,750","ATTRIBUTED TO THE PAINTER OF LOUVRE K491, CIRCA 360-340 B.C.",https://www.christies.com/lot/lot-6338575?ldp_breadcrumb=back&intObjectID=6338575&from=salessummary&lid=1
A CAMPANIAN RED-FIGURED SKYPHOS,"Price Realised
USD 7,500","ATTRIBUTED TO THE SIKON PAINTER, CIRCA 380-370 B.C.",https://www.christies.com/lot/lot-6338576?ldp_breadcrumb=back&intObjectID=6338576&from=salessummary&lid=1
A PAESTAN APPLIED RED-FIGURED CALYX-KRATER,"Price Realised
USD 14,375","ATTRIBUTED TO THE WORKSHOP OF ASTEAS AND PYTHON, CIRCA 350-330 B.C.",https://www.christies.com/lot/lot-6338577?ldp_breadcrumb=back&intObjectID=6338577&from=salessummary&lid=1
A PAESTAN RED-FIGURED BELL-KRATER,"Price Realised
USD 15,000","ATTRIBUTED TO PYTHON, CIRCA 340-330 B.C.",https://www.christies.com/lot/lot-6338578?ldp_breadcrumb=back&intObjectID=6338578&from=salessummary&lid=1
A GREEK BLACK-GLAZED HYDRIA,"Price Realised
USD 10,000","SOUTH ITALY, CIRCA LATE 4TH-EARLY 3RD CENTURY B.C.",https://www.christies.com/lot/lot-6338579?ldp_breadcrumb=back&intObjectID=6338579&from=salessummary&lid=1
A GREEK BLACK-GLAZED HYDRIA,"Price Realised
USD 6,875","SOUTH ITALY, CIRCA LATE 4TH-EARLY 3RD CENTURY B.C.",https://www.christies.com/lot/lot-6338580?ldp_breadcrumb=back&intObjectID=6338580&from=salessummary&lid=1
A GREEK BLACK-GLAZED GUTTUS,"Price Realised
USD 2,500","SOUTH ITALY, CIRCA LATE 4TH-EARLY 3RD CENTURY B.C.",https://www.christies.com/lot/lot-6338581?ldp_breadcrumb=back&intObjectID=6338581&from=salessummary&lid=1
A CAMPANIAN PAINTED TERRACOTTA ANTEFIX OF A SATYR,"Price Realised
USD 17,500",CIRCA MID 4TH CENTURY B.C.,https://www.christies.com/lot/lot-6338583?ldp_breadcrumb=back&intObjectID=6338583&from=salessummary&lid=1
A GREEK TERRACOTTA FEMALE FIGURE,"Price Realised
USD 8,125","HELLENISTIC PERIOD, CIRCA 3RD CENTURY B.C.",https://www.christies.com/lot/lot-6338585?ldp_breadcrumb=back&intObjectID=6338585&from=salessummary&lid=1
A GREEK TERRACOTTA FEMALE FIGURE,"Price Realised
USD 8,750","HELLENISTIC PERIOD, CIRCA 3RD CENTURY B.C.",https://www.christies.com/lot/lot-6338586?ldp_breadcrumb=back&intObjectID=6338586&from=salessummary&lid=1
A GREEK BRONZE CORINTHIAN HELMET,"Price Realised
USD 175,000","ARCHAIC PERIOD, CIRCA EARLY TO MID 6TH CENTURY B.C.",https://www.christies.com/lot/lot-6338587?ldp_breadcrumb=back&intObjectID=6338587&from=salessummary&lid=1
A GREEK BRONZE ILLYRIAN HELMET,"Price Realised
USD 68,750","LATE ARCHAIC PERIOD TO EARLY CLASSICAL PERIOD, CIRCA 500-420 B.C.",https://www.christies.com/lot/lot-6338588?ldp_breadcrumb=back&intObjectID=6338588&from=salessummary&lid=1
A GREEK BRONZE CORINTHIAN HELMET,"Price Realised
USD 137,500","ARCHAIC PERIOD, CIRCA 575-500 B.C.",https://www.christies.com/lot/lot-6338589?ldp_breadcrumb=back&intObjectID=6338589&from=salessummary&lid=1
A GREEK BRONZE SAMNO-ATTIC HELMET,"Price Realised
USD 150,000","LATE CLASSICAL PERIOD, CIRCA 4TH CENTURY B.C.",https://www.christies.com/lot/lot-6338590?ldp_breadcrumb=back&intObjectID=6338590&from=salessummary&lid=1
A GREEK CARNELIAN SCARAB WITH HERAKLES AND THE NEMEAN LION,"Price Realised
USD 10,000","ARCHAIC PERIOD, CIRCA EARLY 5TH CENTURY B.C.",https://www.christies.com/lot/lot-6338593?ldp_breadcrumb=back&intObjectID=6338593&from=salessummary&lid=1
A GRECO-PERSIAN BLUE CHALCEDONY SCARABOID WITH A GRIFFIN,"Price Realised
USD 16,250",CIRCA LATE 5TH-EARLY 4TH CENTURY B.C.,https://www.christies.com/lot/lot-6338594?ldp_breadcrumb=back&intObjectID=6338594&from=salessummary&lid=1
A GRECO-PERSIAN BLUE CHALCEDONY SCARABOID WITH A WINGED SPHINX,"Price Realised
USD 6,000",CIRCA 4TH CENTURY B.C.,https://www.christies.com/lot/lot-6338595?ldp_breadcrumb=back&intObjectID=6338595&from=salessummary&lid=1
A GRECO-PERSIAN GRAY CHALCEDONY SCARABOID WITH A BEARDED MALE GOAT-SPHINX,"Price Realised
USD 4,750","COURT STYLE, CIRCA LATE 5TH CENTURY B.C.",https://www.christies.com/lot/lot-6338596?ldp_breadcrumb=back&intObjectID=6338596&from=salessummary&lid=1
A GRECO-PERSIAN BLUE CHALCEDONY SCARABOID WITH A PERSIAN HUNTER SPEARING A BOAR,"Price Realised
USD 3,750","ATTRIBUTED TO THE CAMBRIDGE GROUP, CIRCA LATE 5TH-EARLY 4TH CENTURY B.C.",https://www.christies.com/lot/lot-6338597?ldp_breadcrumb=back&intObjectID=6338597&from=salessummary&lid=1
A GRECO-PERSIAN BROWN CHALCEDONY TABLOID WITH A PERSIAN HORSEMAN SPEARING A BOAR,"Price Realised
USD 8,125","ATTRIBUTED TO THE PENDANTS GROUP, CIRCA LATE 5TH CENTURY B.C.",https://www.christies.com/lot/lot-6338598?ldp_breadcrumb=back&intObjectID=6338598&from=salessummary&lid=1
A PAIR OF GREEK GOLD IBEX-HEADED BRACELETS,"Price Realised
USD 40,000","HELLENTISTIC PERIOD, CIRCA 4TH CENTURY B.C.",https://www.christies.com/lot/lot-6338600?ldp_breadcrumb=back&intObjectID=6338600&from=salessummary&lid=1
A GREEK GOLD WREATH WITH OLIVE AND OAK LEAVES,"Price Realised
USD 52,500","LATE CLASSICAL PERIOD TO HELLENISTIC PERIOD, CIRCA 4TH-3RD CENTURY B.C.",https://www.christies.com/lot/lot-6338601?ldp_breadcrumb=back&intObjectID=6338601&from=salessummary&lid=1
A GREEK GOLD MAENAD HEAD PENDANT,"Price Realised
USD 5,625","HELLENISTIC PERIOD, CIRCA LATE 4TH-EARLY 3RD CENTURY A.D.",https://www.christies.com/lot/lot-6338602?ldp_breadcrumb=back&intObjectID=6338602&from=salessummary&lid=1
A PAIR OF GREEK GOLD IBEX-HEADED EARRINGS,"Price Realised
USD 7,500","HELLENISTIC PERIOD, CIRCA 3RD-2ND CENTURY B.C.",https://www.christies.com/lot/lot-6338603?ldp_breadcrumb=back&intObjectID=6338603&from=salessummary&lid=1
AN EGYPTIAN GOLD SNAKE BRACELET,"Price Realised
USD 52,500","LATE PTOLEMAIC PERIOD TO ROMAN PERIOD, CIRCA 1ST CENTURY B.C.- 1ST CENTURY A.D.",https://www.christies.com/lot/lot-6338604?ldp_breadcrumb=back&intObjectID=6338604&from=salessummary&lid=1
A ROMAN CARNELIAN INTAGLIO OF MARS,"Price Realised
USD 187,500",CIRCA 1ST CENTURY B.C.,https://www.christies.com/lot/lot-6338605?ldp_breadcrumb=back&intObjectID=6338605&from=salessummary&lid=1
A ROMAN GREEN GLASS BEAKER WITH INSCRIPTION,"Price Realised
USD 6,250",CIRCA MID 1ST CENTURY A.D.,https://www.christies.com/lot/lot-6338608?ldp_breadcrumb=back&intObjectID=6338608&from=salessummary&lid=1
AN ETRUSCAN TERRACOTTA VOTIVE FEMALE HEAD,"Price Realised
USD 4,750",CIRCA MID 3RD-EARLY 2ND CENTURY B.C.,https://www.christies.com/lot/lot-6338611?ldp_breadcrumb=back&intObjectID=6338611&from=salessummary&lid=1
AN ETRUSCAN BRONZE MIRROR,"Price Realised
USD 10,000",CIRCA LATE 4TH CENTURY B.C.,https://www.christies.com/lot/lot-6338613?ldp_breadcrumb=back&intObjectID=6338613&from=salessummary&lid=1
AN ETRUSCAN BRONZE HERCLE,"Price Realised
USD 6,000",CIRCA 4TH-3RD CENTURY B.C.,https://www.christies.com/lot/lot-6338614?ldp_breadcrumb=back&intObjectID=6338614&from=salessummary&lid=1
A ROMAN MARBLE VEILED FEMALE HEAD,"Price Realised
USD 25,000","JULIO-CLAUDIAN PERIOD, CIRCA 1ST CENTURY A.D.",https://www.christies.com/lot/lot-6338616?ldp_breadcrumb=back&intObjectID=6338616&from=salessummary&lid=1
A ROMAN MARBLE MALE TORSO,"Price Realised
USD 40,000",CIRCA 1ST CENTURY A.D.,https://www.christies.com/lot/lot-6338617?ldp_breadcrumb=back&intObjectID=6338617&from=salessummary&lid=1
A ROMAN MARBLE PORTRAIT HEAD OF THE EMPRESS LIVIA,"Price Realised
USD 162,500","AUGUSTAN PERIOD, CIRCA LATE 1ST CENTURY B.C.",https://www.christies.com/lot/lot-6338618?ldp_breadcrumb=back&intObjectID=6338618&from=salessummary&lid=1
A ROMAN MARBLE CUPID,"Price Realised
USD 68,750",CIRCA 2ND-3RD CENTURY A.D.,https://www.christies.com/lot/lot-6338623?ldp_breadcrumb=back&intObjectID=6338623&from=salessummary&lid=1
A ROMAN BRONZE CUPID,"Price Realised
USD 10,000",CIRCA 1ST-2ND CENTURY A.D.,https://www.christies.com/lot/lot-6338625?ldp_breadcrumb=back&intObjectID=6338625&from=salessummary&lid=1
A ROMAN BRONZE JUG,"Price Realised
USD 8,125",CIRCA 2ND-3RD CENTURY A.D.,https://www.christies.com/lot/lot-6338626?ldp_breadcrumb=back&intObjectID=6338626&from=salessummary&lid=1
A ROMAN MARBLE HEAD OF ISIS,"Price Realised
USD 237,500",CIRCA 1ST-2ND CENTURY A.D.,https://www.christies.com/lot/lot-6338627?ldp_breadcrumb=back&intObjectID=6338627&from=salessummary&lid=1
A ROMAN MARBLE MALE TORSO,"Price Realised
USD 75,000",CIRCA 1ST CENTURY B.C.-1ST CENTURY A.D.,https://www.christies.com/lot/lot-6338628?ldp_breadcrumb=back&intObjectID=6338628&from=salessummary&lid=1
A ROMAN MARBLE PORTRAIT HEAD OF ARISTOTLE,"Price Realised
USD 90,000",CIRCA 2ND CENTURY A.D.,https://www.christies.com/lot/lot-6338629?ldp_breadcrumb=back&intObjectID=6338629&from=salessummary&lid=1
A ROMAN MARBLE HEAD OF APOLLO,"Price Realised
USD 200,000",CIRCA 1ST-2ND CENTURY A.D.,https://www.christies.com/lot/lot-6338630?ldp_breadcrumb=back&intObjectID=6338630&from=salessummary&lid=1
A ROMAN MARBLE TORSO OF CUPID,"Price Realised
USD 56,250",CIRCA 2ND CENTURY A.D.,https://www.christies.com/lot/lot-6338631?ldp_breadcrumb=back&intObjectID=6338631&from=salessummary&lid=1
A ROMAN MARBLE PORTRAIT HEAD OF THE EMPEROR HADRIAN,"Price Realised
USD 30,000",REIGN 117-138 A.D.,https://www.christies.com/lot/lot-6338634?ldp_breadcrumb=back&intObjectID=6338634&from=salessummary&lid=1
A ROMAN RED-WARE POTTERY JUG,"Price Realised
USD 10,000","NORTH AFRICA, CIRCA LATE 3RD-EARLY 4TH CENTURY A.D.",https://www.christies.com/lot/lot-6338635?ldp_breadcrumb=back&intObjectID=6338635&from=salessummary&lid=1
A BYZANTINE BRONZE LAMP IN THE FORM OF A SANDALED RIGHT FOOT,"Price Realised
USD 4,000",CIRCA 5TH CENTURY A.D.,https://www.christies.com/lot/lot-6338636?ldp_breadcrumb=back&intObjectID=6338636&from=salessummary&lid=1
A ROMAN MARBLE HEAD OF SERAPIS,"Price Realised
USD 150,000","LATE ANTONINE PERIOD TO EARLY SEVERAN PERIOD, CIRCA LATE 2ND CENTURY A.D.",https://www.christies.com/lot/lot-6338637?ldp_breadcrumb=back&intObjectID=6338637&from=salessummary&lid=1
A LATE ROMAN MARBLE MOSAIC PANEL WITH A TREE,"Price Realised
USD 52,500",CIRCA 4TH-5TH CENTURY A.D.,https://www.christies.com/lot/lot-6338638?ldp_breadcrumb=back&intObjectID=6338638&from=salessummary&lid=1
A ROMAN MARBLE MOSAIC ROUNDEL,"Price Realised
USD 37,500",CIRCA 4TH CENTURY A.D.,https://www.christies.com/lot/lot-6338639?ldp_breadcrumb=back&intObjectID=6338639&from=salessummary&lid=1
A MESOPOTAMIAN ALABASTER IDOL,"Price Realised
USD 52,500","NEOLITHIC PERIOD, CIRCA 5500 B.C.",https://www.christies.com/lot/lot-6338641?ldp_breadcrumb=back&intObjectID=6338641&from=salessummary&lid=1
AN ELAMITE BRONZE AXE HEAD,"Price Realised
USD 3,500",CIRCA LATE 3RD-EARLY 2ND MILLENNIUM B.C.,https://www.christies.com/lot/lot-6338642?ldp_breadcrumb=back&intObjectID=6338642&from=salessummary&lid=1
A LURISTAN BRONZE SWORD WITH A DISK POMMEL,"Price Realised
USD 8,125",CIRCA 9TH-8TH CENTURY B.C.,https://www.christies.com/lot/lot-6338643?ldp_breadcrumb=back&intObjectID=6338643&from=salessummary&lid=1
AN IRANIAN POTTERY RHYTON,"Price Realised
USD 7,500",CIRCA LATE 1ST MILLENNIUM B.C.,https://www.christies.com/lot/lot-6338644?ldp_breadcrumb=back&intObjectID=6338644&from=salessummary&lid=1
A LURISTAN BRONZE SWORD,"Price Realised
USD 27,500",CIRCA 9TH-8TH CENTURY B.C.,https://www.christies.com/lot/lot-6338645?ldp_breadcrumb=back&intObjectID=6338645&from=salessummary&lid=1
A SASANIAN BRONZE ROYAL PORTRAIT BUST,"Price Realised
USD 325,000",CIRCA 5TH-7TH CENTURY A.D.,https://www.christies.com/lot/lot-6338646?ldp_breadcrumb=back&intObjectID=6338646&from=salessummary&lid=1
AN EGYPTIAN LIMESTONE RELIEF FRAGMENT,"Price Realised
USD 81,250","NEW KINGDOM, 18TH DYNASTY, 1550-1295 B.C.",https://www.christies.com/lot/lot-6338647?ldp_breadcrumb=back&intObjectID=6338647&from=salessummary&lid=1
AN EGYPTIAN GLAZED STEATITE BES,"Price Realised
USD 7,500","NEW KINGDOM TO THIRD INTERMEDIATE PERIOD, 1550-664 B.C.",https://www.christies.com/lot/lot-6338648?ldp_breadcrumb=back&intObjectID=6338648&from=salessummary&lid=1
AN EGYPTIAN ALABASTER FOOTED JAR,"Price Realised
USD 4,375","NEW KINGDOM, 1550-1295 B.C.",https://www.christies.com/lot/lot-6338649?ldp_breadcrumb=back&intObjectID=6338649&from=salessummary&lid=1
AN EGYPTIAN BRONZE ISIS AND HORUS,"Price Realised
USD 15,000","THIRD INTERMEDIATE PERIOD TO LATE PERIOD, 1069-332 B.C.",https://www.christies.com/lot/lot-6338651?ldp_breadcrumb=back&intObjectID=6338651&from=salessummary&lid=1
AN EGYPTIAN PAINTED WOOD MUMMY MASK,"Price Realised
USD 2,250","THIRD INTERMEDIATE PERIOD, 21ST-22ND DYNASTY, 1069-715 B.C.",https://www.christies.com/lot/lot-6338652?ldp_breadcrumb=back&intObjectID=6338652&from=salessummary&lid=1
AN EGYPTIAN ALABASTER CANOPIC JAR,"Price Realised
USD 62,500","LATE PERIOD, 26TH DYNASTY, 664-525 B.C.",https://www.christies.com/lot/lot-6338655?ldp_breadcrumb=back&intObjectID=6338655&from=salessummary&lid=1
AN EGYPTIAN BRONZE OSIRIS,"Price Realised
USD 9,375","LATE PERIOD TO PTOLEMAIC PERIOD, 664-30 B.C.",https://www.christies.com/lot/lot-6338656?ldp_breadcrumb=back&intObjectID=6338656&from=salessummary&lid=1
AN EGYPTIAN BRONZE BES,"Price Realised
USD 2,750","LATE PERIOD, 664-332 B.C.",https://www.christies.com/lot/lot-6338657?ldp_breadcrumb=back&intObjectID=6338657&from=salessummary&lid=1
AN EGYPTIAN FAIENCE SHABTI,"Price Realised
USD 20,000","LATE PERIOD, 26TH DYNASTY, 664-525 B.C.",https://www.christies.com/lot/lot-6338660?ldp_breadcrumb=back&intObjectID=6338660&from=salessummary&lid=1
AN EGYPTIAN GLAZED STEATITE AMULET OF PATAIKOS ON CROCODILES,"Price Realised
USD 3,250","THIRD INTERMEDIATE PERIOD TO LATE PERIOD, 1069-332 B.C.",https://www.christies.com/lot/lot-6338661?ldp_breadcrumb=back&intObjectID=6338661&from=salessummary&lid=1
THREE EGYPTIAN LION-HEADED AMULETS,"Price Realised
USD 7,500","LATE PERIOD TO PTOLEMAIC PERIOD, 664-30 B.C.",https://www.christies.com/lot/lot-6338662?ldp_breadcrumb=back&intObjectID=6338662&from=salessummary&lid=1
AN EGYPTIAN FAIENCE SYMPLEGMA,"Price Realised
USD 1,625","PTOLEMAIC PERIOD, 332-30 B.C.",https://www.christies.com/lot/lot-6338663?ldp_breadcrumb=back&intObjectID=6338663&from=salessummary&lid=1
AN EGYPTIAN FAIENCE WADJET-EYE AMULET AND A WINGED SCARAB,"Price Realised
USD 2,375","THIRD INTERMEDIATE PERIOD TO PTOLEMAIC PERIOD, 1069-30 B.C.",https://www.christies.com/lot/lot-6338664?ldp_breadcrumb=back&intObjectID=6338664&from=salessummary&lid=1
AN EGYPTIAN BRONZE SHREW-MOUSE COFFIN,"Price Realised
USD 3,250","LATE PERIOD TO PTOLEMAIC PERIOD, 664-30 B.C.",https://www.christies.com/lot/lot-6338665?ldp_breadcrumb=back&intObjectID=6338665&from=salessummary&lid=1
AN EGYPTIAN BRONZE NEITH,"Price Realised
USD 40,000","LATE PERIOD, 26TH DYNASTY, 664-525 B.C.",https://www.christies.com/lot/lot-6338666?ldp_breadcrumb=back&intObjectID=6338666&from=salessummary&lid=1
AN EGYPTIAN BRONZE CAT HEAD,"Price Realised
USD 16,250","LATE PERIOD TO PTOLEMAIC PERIOD, 664-30 B.C.",https://www.christies.com/lot/lot-6338667?ldp_breadcrumb=back&intObjectID=6338667&from=salessummary&lid=1
AN EGYPTIAN BRONZE SITULA,"Price Realised
USD 11,250","LATE PERIOD TO PTOLEMAIC PERIOD, 664-30 B.C.",https://www.christies.com/lot/lot-6338668?ldp_breadcrumb=back&intObjectID=6338668&from=salessummary&lid=1
AN EGYPTIAN BRONZE AMUN,"Price Realised
USD 10,625","LATE PERIOD TO PTOLEMAIC PERIOD, 664-30 B.C.",https://www.christies.com/lot/lot-6338670?ldp_breadcrumb=back&intObjectID=6338670&from=salessummary&lid=1
AN EGYPTIAN BRONZE KHNUM,"Price Realised
USD 6,250","LATE PERIOD, 664-332 B.C.",https://www.christies.com/lot/lot-6338671?ldp_breadcrumb=back&intObjectID=6338671&from=salessummary&lid=1
AN EGYPTIAN BRONZE OSIRIS WITH INLAID EYES,"Price Realised
USD 5,250","LATE PERIOD TO PTOLEMAIC PERIOD, 664-30 B.C.",https://www.christies.com/lot/lot-6338672?ldp_breadcrumb=back&intObjectID=6338672&from=salessummary&lid=1
AN EGYPTIAN BRONZE ISIS AND HORUS,"Price Realised
USD 4,750","LATE PERIOD TO PTOLEMAIC PERIOD, 664-30 B.C.",https://www.christies.com/lot/lot-6338673?ldp_breadcrumb=back&intObjectID=6338673&from=salessummary&lid=1
AN EGYPTIAN BRONZE CAT,"Price Realised
USD 30,000","LATE PERIOD TO PTOLEMAIC PERIOD, 664-30 B.C.",https://www.christies.com/lot/lot-6338674?ldp_breadcrumb=back&intObjectID=6338674&from=salessummary&lid=1
AN EGYPTIAN CARNELIAN AND FAIENCE BEAD NECKLACE,"Price Realised
USD 30,000","LATE PERIOD TO PTOLEMAIC PERIOD, 664-30 B.C.",https://www.christies.com/lot/lot-6338675?ldp_breadcrumb=back&intObjectID=6338675&from=salessummary&lid=1
AN EGYPTIAN FAIENCE SHABTI,"Price Realised
USD 7,500","LATE PERIOD, 30TH DYNASTY, 380-343 B.C.",https://www.christies.com/lot/lot-6338676?ldp_breadcrumb=back&intObjectID=6338676&from=salessummary&lid=1
AN EGYPTIAN BRONZE CAT,"Price Realised
USD 12,500","LATE PERIOD TO PTOLEMAIC PERIOD, 664-30 B.C.",https://www.christies.com/lot/lot-6338677?ldp_breadcrumb=back&intObjectID=6338677&from=salessummary&lid=1
AN EGYPTIAN LIMESTONE FUNERARY STELE,"Price Realised
USD 7,500","ROMAN PERIOD, CIRCA 3RD-5TH CENTURY A.D.",https://www.christies.com/lot/lot-6338678?ldp_breadcrumb=back&intObjectID=6338678&from=salessummary&lid=1
AN EGYPTIAN BASALT FALCON,"Price Realised
USD 4,830,000","LATE PERIOD, 30TH DYNASTY, REIGN OF NECTANEBO II TO PTOLEMAIC PERIOD, 380-30 B.C.",https://www.christies.com/lot/lot-6338679?ldp_breadcrumb=back&intObjectID=6338679&from=salessummary&lid=1
THREE MAGDALENIAN BONE BARBED HARPOONS,"Price Realised
GBP 23,750","UPPER PALEOLITHIC PERIOD, CIRCA 17,000-12,000 B.C.",https://www.christies.com/lot/lot-6326951?ldp_breadcrumb=back&intObjectID=6326951&from=salessummary&lid=1
A CAMPANIAN RED-FIGURED FISH PLATE,"Price Realised
GBP 5,000","ATTRIBUTED TO THE BREMEN GROUP, CIRCA 4TH CENTURY B.C.",https://www.christies.com/lot/lot-6326954?ldp_breadcrumb=back&intObjectID=6326954&from=salessummary&lid=1
AN EGYPTIAN LIMESTONE SCULPTOR'S MODEL,"Price Realised
GBP 10,000","NEW KINGDOM, 18TH DYNASTY, PROBABLY REIGN OF AMENHOTEP III, CIRCA 1390-1353 B.C.",https://www.christies.com/lot/lot-6326956?ldp_breadcrumb=back&intObjectID=6326956&from=salessummary&lid=1
AN EGYPTIAN LIMESTONE RELIEF FRAGMENT WITH MAN HOLDING A BOWL,"Price Realised
GBP 5,625","LATE PERIOD, 25TH-26TH DYNASTY, 747-525 B.C.",https://www.christies.com/lot/lot-6326957?ldp_breadcrumb=back&intObjectID=6326957&from=salessummary&lid=1
AN EGYPTIAN LIMESTONE RELIEF FRAGMENT WITH PROFILE MALE HEAD,"Price Realised
GBP 13,750","OLD KINGDOM, 5TH-6TH DYNASTY, CIRCA 2494-2181 B.C.",https://www.christies.com/lot/lot-6326958?ldp_breadcrumb=back&intObjectID=6326958&from=salessummary&lid=1
AN EGYPTIAN LIMESTONE RELIEF FRAGMENT FOR SIENMESEH,"Price Realised
GBP 11,250","OLD KINGDOM, 5TH-6TH DYNASTY, CIRCA 2450-2181 B.C.",https://www.christies.com/lot/lot-6326959?ldp_breadcrumb=back&intObjectID=6326959&from=salessummary&lid=1
AN EGYPTIAN POLYCHROME LIMESTONE RELIEF OF AN OFFICIAL,"Price Realised
GBP 47,500","FIRST INTERMEDIATE PERIOD, CIRCA 2181-2025 B.C.",https://www.christies.com/lot/lot-6326960?ldp_breadcrumb=back&intObjectID=6326960&from=salessummary&lid=1
AN EGYPTIAN WOOD HEAD WITH INLAID EYES,"Price Realised
GBP 40,000","OLD KINGDOM, 6TH DYNASTY, CIRCA 2300-2181 B.C.",https://www.christies.com/lot/lot-6326961?ldp_breadcrumb=back&intObjectID=6326961&from=salessummary&lid=1
AN EGYPTIAN LIMESTONE CANOPIC JAR LID IN THE FORM OF HAPI,"Price Realised
GBP 6,875","LATE PERIOD, 26TH DYNASTY, CIRCA 664-525 B.C.",https://www.christies.com/lot/lot-6326962?ldp_breadcrumb=back&intObjectID=6326962&from=salessummary&lid=1
AN EGYPTIAN BRONZE ISIS,"Price Realised
GBP 11,875","LATE PERIOD, CIRCA 664-323 B.C.",https://www.christies.com/lot/lot-6326963?ldp_breadcrumb=back&intObjectID=6326963&from=salessummary&lid=1
A MINIATURE EGYPTIAN BLACK BASALT BLOCK STATUE,"Price Realised
GBP 4,000","MIDDLE KINGDOM, 12TH DYNASTY, CIRCA 1976-1793 B.C.",https://www.christies.com/lot/lot-6326964?ldp_breadcrumb=back&intObjectID=6326964&from=salessummary&lid=1
AN EGYPTIAN FLINT KNIFE,"Price Realised
GBP 35,000","PREDYNASTIC PERIOD, LATE NAQADA II-III, CIRCA 3300-3000 B.C.",https://www.christies.com/lot/lot-6326965?ldp_breadcrumb=back&intObjectID=6326965&from=salessummary&lid=1
AN EGYPTIAN FLINT,"Price Realised
GBP 5,000","PREDYNASTIC PERIOD, NAQADA II, CIRCA 3500-3200 B.C.",https://www.christies.com/lot/lot-6326966?ldp_breadcrumb=back&intObjectID=6326966&from=salessummary&lid=1
AN EGYPTIAN LIMESTONE SEATED SCRIBE,"Price Realised
GBP 35,000","MIDDLE KINGDOM, CIRCA 2046-1793 B.C.",https://www.christies.com/lot/lot-6326967?ldp_breadcrumb=back&intObjectID=6326967&from=salessummary&lid=1
AN EGYPTIAN WOOD ATTACHMENT IN THE FORM OF A BOUND CAPTIVE,"Price Realised
GBP 7,500","NEW KINGDOM, 18TH DYNASTY, CIRCA 1550-1292 B.C.",https://www.christies.com/lot/lot-6326968?ldp_breadcrumb=back&intObjectID=6326968&from=salessummary&lid=1
AN EGYPTIAN SILVER AND GLAZED STEATITE SCARAB SWIVEL RING,"Price Realised
GBP 9,375","NEW KINGDOM, 19TH-20TH DYNASTY, CIRCA 1279-1069 B.C.",https://www.christies.com/lot/lot-6326969?ldp_breadcrumb=back&intObjectID=6326969&from=salessummary&lid=1
AN EGYPTIAN LIMESTONE HEAD OF A QUEEN OR PRINCESS,"Price Realised
GBP 112,500","NEW KINGDOM, 18TH DYNASTY, AMARNA PERIOD, CIRCA 1352-1336 B.C.",https://www.christies.com/lot/lot-6326971?ldp_breadcrumb=back&intObjectID=6326971&from=salessummary&lid=1
AN EGYPTIAN BLUE FAIENCE COSMETIC DISH IN THE SHAPE OF AN ORYX,"Price Realised
GBP 16,250","NEW KINGDOM TO LATE PERIOD, CIRCA 1388-332 B.C.",https://www.christies.com/lot/lot-6326972?ldp_breadcrumb=back&intObjectID=6326972&from=salessummary&lid=1
AN EGYPTIAN HIPPOPOTAMUS IVORY COSMETIC PALETTE,"Price Realised
GBP 9,375","NEW KINGDOM, RAMESSIDE PERIOD, 19TH-20TH DYNASTY, CIRCA 1292-1069 B.C.",https://www.christies.com/lot/lot-6326973?ldp_breadcrumb=back&intObjectID=6326973&from=salessummary&lid=1
AN EGYPTIAN FRAGMENTARY INDURATED LIMESTONE SHABTI FOR AKHENATEN,"Price Realised
GBP 50,000","NEW KINGDOM, 18TH DYNASTY, REIGN OF AKHENATEN, CIRCA 1352-1336 B.C.",https://www.christies.com/lot/lot-6326974?ldp_breadcrumb=back&intObjectID=6326974&from=salessummary&lid=1
AN 'EGYPTIAN BLUE' RIBBED BOWL,"Price Realised
GBP 18,750","NEW KINGDOM, 18TH DYNASTY, REIGN OF AMENHOTEP III, CIRCA 1388-1350 B.C.",https://www.christies.com/lot/lot-6326975?ldp_breadcrumb=back&intObjectID=6326975&from=salessummary&lid=1
AN EGYPTIAN PALE GREEN FAIENCE CROUCHING CAT,"Price Realised
GBP 25,000","NEW KINGDOM, 18TH DYNASTY, CIRCA 1550-1292 B.C.",https://www.christies.com/lot/lot-6326976?ldp_breadcrumb=back&intObjectID=6326976&from=salessummary&lid=1
AN EGYPTIAN BRIGHT BLUE FAIENCE VOTIVE CUP FOR NESKHONS,"Price Realised
GBP 10,000","THIRD INTERMEDIATE PERIOD, 21ST DYNASTY, CIRCA 974 B.C.",https://www.christies.com/lot/lot-6326978?ldp_breadcrumb=back&intObjectID=6326978&from=salessummary&lid=1
A NUBIAN SERPENTINE SHABTI FOR KING SENKAMENISKEN,"Price Realised
GBP 125,000","SUDAN, NAPATAN PERIOD, CIRCA 643-623 B.C.",https://www.christies.com/lot/lot-6326981?ldp_breadcrumb=back&intObjectID=6326981&from=salessummary&lid=1
AN EGYPTIAN GILT CARTONNAGE MUMMY MASK,"Price Realised
GBP 35,000","LATE PTOLEMAIC PERIOD TO EARLY ROMAN PERIOD, CIRCA 1ST CENTURY B.C.-1ST CENTURY A.D.",https://www.christies.com/lot/lot-6326982?ldp_breadcrumb=back&intObjectID=6326982&from=salessummary&lid=1
AN EGYPTIAN STEATITE BABOON,"Price Realised
GBP 12,500","LATE PERIOD, CIRCA 664-323 B.C.",https://www.christies.com/lot/lot-6326983?ldp_breadcrumb=back&intObjectID=6326983&from=salessummary&lid=1
FOUR EGYPTIAN GLASS ARCHITECTURAL PLAQUE FRAGMENTS,"Price Realised
GBP 10,000","ROMAN PERIOD, CIRCA 1ST CENTURY A.D.",https://www.christies.com/lot/lot-6326984?ldp_breadcrumb=back&intObjectID=6326984&from=salessummary&lid=1
AN EGYPTIAN MOSAIC GLASS FALCON HEAD INLAY,"Price Realised
GBP 25,000","PTOLEMAIC PERIOD, CIRCA 2ND-1ST CENTURY B.C.",https://www.christies.com/lot/lot-6326985?ldp_breadcrumb=back&intObjectID=6326985&from=salessummary&lid=1
AN EGYPTIAN POLYCHROME FAIENCE FISH INLAY FRAGMENT,"Price Realised
GBP 18,750","NEW KINGDOM, 18TH DYNASTY, REIGN OF AKHENATEN, CIRCA 1352-1336 B.C.",https://www.christies.com/lot/lot-6326986?ldp_breadcrumb=back&intObjectID=6326986&from=salessummary&lid=1
A SASANIAN PARCEL GILT SILVER DISH,"Price Realised
GBP 10,000","IRAN, CIRCA 5TH-6TH CENTURY A.D.",https://www.christies.com/lot/lot-6326988?ldp_breadcrumb=back&intObjectID=6326988&from=salessummary&lid=1
A MESOPOTAMIAN GOLD BULL PENDANT,"Price Realised
GBP 75,000","EARLY DYNASTIC III, CIRCA 2550-2250 B.C.",https://www.christies.com/lot/lot-6326989?ldp_breadcrumb=back&intObjectID=6326989&from=salessummary&lid=1
THREE OLD BABYLONIAN HAEMATITE CYLINDER SEALS,"Price Realised
GBP 9,375",CIRCA 1800-1600 B.C.,https://www.christies.com/lot/lot-6326990?ldp_breadcrumb=back&intObjectID=6326990&from=salessummary&lid=1
A SUMERIAN BLACK STONE CYLINDER SEAL,"Price Realised
GBP 3,000","THIRD DYNASTY OF UR, CIRCA 2112-2004 B.C.",https://www.christies.com/lot/lot-6326991?ldp_breadcrumb=back&intObjectID=6326991&from=salessummary&lid=1
A SUMERIAN WHITE SHELL CYLINDER SEAL,"Price Realised
GBP 2,000","EARLY DYNASTIC IIIA PERIOD, CIRCA 2600-2500 B.C.",https://www.christies.com/lot/lot-6326992?ldp_breadcrumb=back&intObjectID=6326992&from=salessummary&lid=1
A NEO-HITTITE BASALT RELIEF FRAGMENT,"Price Realised
GBP 62,500",CIRCA 850-700 B.C.,https://www.christies.com/lot/lot-6326993?ldp_breadcrumb=back&intObjectID=6326993&from=salessummary&lid=1
AN AMLASH POTTERY BULL RHYTON,"Price Realised
GBP 162,500","IRAN, CIRCA EARLY 1ST MILLENNIUM B.C.",https://www.christies.com/lot/lot-6326994?ldp_breadcrumb=back&intObjectID=6326994&from=salessummary&lid=1
AN AMLASH POTTERY FEMALE FIGURE,"Price Realised
GBP 312,500","IRAN, CIRCA EARLY 1ST MILLENNIUM B.C.",https://www.christies.com/lot/lot-6326995?ldp_breadcrumb=back&intObjectID=6326995&from=salessummary&lid=1
AN AMLASH POTTERY BULL RHYTON,"Price Realised
GBP 43,750","IRAN, CIRCA EARLY 1ST MILLENNIUM B.C.",https://www.christies.com/lot/lot-6326996?ldp_breadcrumb=back&intObjectID=6326996&from=salessummary&lid=1
AN AMLASH POTTERY STEATOPYGOUS FIGURE,"Price Realised
GBP 137,500","IRAN, CIRCA EARLY 1ST MILLENNIUM B.C.",https://www.christies.com/lot/lot-6326997?ldp_breadcrumb=back&intObjectID=6326997&from=salessummary&lid=1
A GREEK BRONZE HELMET OF CORINTHIAN TYPE,"Price Realised
GBP 200,000","ARCHAIC PERIOD, CIRCA MID-6TH CENTURY B.C.",https://www.christies.com/lot/lot-6327000?ldp_breadcrumb=back&intObjectID=6327000&from=salessummary&lid=1
A CYPRIOT LIMESTONE HEAD OF A MALE VOTARY,"Price Realised
GBP 25,000","ARCHAIC PERIOD, CIRCA LATE 6TH-EARLY 5TH CENTURY B.C",https://www.christies.com/lot/lot-6327001?ldp_breadcrumb=back&intObjectID=6327001&from=salessummary&lid=1
A ROMAN MARBLE FRAGMENTARY HEAD OF JUBA II,"Price Realised
GBP 12,500",CIRCA 15-5 B.C.,https://www.christies.com/lot/lot-6327005?ldp_breadcrumb=back&intObjectID=6327005&from=salessummary&lid=1
A ROMAN MARBLE FRAGMENTARY HEAD OF MINERVA,"Price Realised
GBP 7,500",CIRCA 1ST CENTURY A.D .,https://www.christies.com/lot/lot-6327006?ldp_breadcrumb=back&intObjectID=6327006&from=salessummary&lid=1
A ROMAN MARBLE PORTRAIT HEAD OF A WOMAN,"Price Realised
GBP 43,750",CIRCA 1ST CENTURY A.D.,https://www.christies.com/lot/lot-6327007?ldp_breadcrumb=back&intObjectID=6327007&from=salessummary&lid=1
"A ROMAN ""SPLASHED"" GLASS CUP","Price Realised
GBP 13,750",CIRCA 1ST HALF OF THE 1ST CENTURY A.D.,https://www.christies.com/lot/lot-6327008?ldp_breadcrumb=back&intObjectID=6327008&from=salessummary&lid=1
A ROMAN COLOUR BAND MOSAIC BLUE GLASS BOTTLE,"Price Realised
GBP 21,250",CIRCA EARLY TO MID-1ST CENTURY A.D.,https://www.christies.com/lot/lot-6327009?ldp_breadcrumb=back&intObjectID=6327009&from=salessummary&lid=1
A ROMAN GREEN GLASS STRIGIL,"Price Realised
GBP 8,125",CIRCA LATE 2ND-3RD CENTURY A.D.,https://www.christies.com/lot/lot-6327010?ldp_breadcrumb=back&intObjectID=6327010&from=salessummary&lid=1
A ROMAN GLASS CAMEO FRAGMENT,"Price Realised
GBP 32,500",CIRCA EARLY 1ST CENTURY A.D.,https://www.christies.com/lot/lot-6327011?ldp_breadcrumb=back&intObjectID=6327011&from=salessummary&lid=1
A ROMAN BRONZE LION HEAD ATTACHMENT,"Price Realised
GBP 32,500",CIRCA 1ST-2ND CENTURY A.D.,https://www.christies.com/lot/lot-6327012?ldp_breadcrumb=back&intObjectID=6327012&from=salessummary&lid=1
A GREEK BRONZE CANDELABRUM FINIAL,"Price Realised
GBP 8,750","HELLENISTIC PERIOD, CIRCA 3RD-2ND CENTURY B.C.",https://www.christies.com/lot/lot-6327013?ldp_breadcrumb=back&intObjectID=6327013&from=salessummary&lid=1
A ROMAN MARBLE HEAD OF YOUNG ASCLEPIUS,"Price Realised
GBP 68,750",CIRCA 2ND CENTURY A.D.,https://www.christies.com/lot/lot-6327014?ldp_breadcrumb=back&intObjectID=6327014&from=salessummary&lid=1
A ROMAN MARBLE HEAD OF DIONYSUS,"Price Realised
GBP 75,000",CIRCA 2ND CENTURY A.D.,https://www.christies.com/lot/lot-6327015?ldp_breadcrumb=back&intObjectID=6327015&from=salessummary&lid=1
A ROMAN MARBLE FEMALE HEAD,"Price Realised
GBP 8,750",CIRCA 1ST-2ND CENTURY A.D.,https://www.christies.com/lot/lot-6327019?ldp_breadcrumb=back&intObjectID=6327019&from=salessummary&lid=1
A ROMAN TERRA SIGILLATA JUG IN THE SHAPE OF A FEMALE HEAD,"Price Realised
GBP 6,875","BYZACENA, NORTH AFRICA, CIRCA 300-350 A.D.",https://www.christies.com/lot/lot-6327020?ldp_breadcrumb=back&intObjectID=6327020&from=salessummary&lid=1
A ROMAN BRONZE MIRROR COVER,"Price Realised
GBP 9,375",CIRCA MID-2ND CENTURY A.D.,https://www.christies.com/lot/lot-6327021?ldp_breadcrumb=back&intObjectID=6327021&from=salessummary&lid=1
A ROMAN BRONZE COLUMN,"Price Realised
GBP 7,500",CIRCA 2ND-3RD CENTURY A.D.,https://www.christies.com/lot/lot-6327022?ldp_breadcrumb=back&intObjectID=6327022&from=salessummary&lid=1
A LARGE VINCA CLAY FEMALE FIGURE,"Price Realised
GBP 81,250","NEOLITHIC PERIOD, CIRCA 4500-4000 B.C.",https://www.christies.com/lot/lot-6327023?ldp_breadcrumb=back&intObjectID=6327023&from=salessummary&lid=1
AN IRISH BRONZE SIDE-BLOW HORN,"Price Realised
GBP 162,500","LATE BRONZE AGE, CIRCA 8TH-7TH CENTURY B.C.",https://www.christies.com/lot/lot-6327024?ldp_breadcrumb=back&intObjectID=6327024&from=salessummary&lid=1
AN IRISH GOLD PENANNULAR SLEEVE FASTENER,"Price Realised
GBP 35,000","LATE BRONZE AGE, CIRCA 1150-750 B.C.",https://www.christies.com/lot/lot-6327025?ldp_breadcrumb=back&intObjectID=6327025&from=salessummary&lid=1
A ROMAN GARNET FEMALE CAMEO BUST,"Price Realised
GBP 8,750",CIRCA 2ND CENTURY A.D.,https://www.christies.com/lot/lot-6327026?ldp_breadcrumb=back&intObjectID=6327026&from=salessummary&lid=1
A ROMANO-BRITISH ENAMELLED BRONZE OWL FIBULA,"Price Realised
GBP 5,250",CIRCA 2ND CENTURY A.D.,https://www.christies.com/lot/lot-6327027?ldp_breadcrumb=back&intObjectID=6327027&from=salessummary&lid=1
A ROMANO-BRITISH BRONZE NEPTUNE,"Price Realised
GBP 18,750",CIRCA 1ST-3RD CENTURY A.D.,https://www.christies.com/lot/lot-6327028?ldp_breadcrumb=back&intObjectID=6327028&from=salessummary&lid=1
A PAIR OF MEROVINGIAN GOLD AND GARNET DISC BROOCHES,"Price Realised
GBP 30,000",CIRCA 6TH CENTURY A.D.,https://www.christies.com/lot/lot-6327029?ldp_breadcrumb=back&intObjectID=6327029&from=salessummary&lid=1
"A MIGRATION PERIOD GOLD, GARNET AND GLASS FIBULA","Price Realised
GBP 15,000",CIRCA 5TH CENTURY A.D.,https://www.christies.com/lot/lot-6327030?ldp_breadcrumb=back&intObjectID=6327030&from=salessummary&lid=1
A PAIR OF MEROVINGIAN GILT BRONZE AND GARNET BIRD BROOCHES,"Price Realised
GBP 20,000",CIRCA 6TH CENTURTY A.D.,https://www.christies.com/lot/lot-6327031?ldp_breadcrumb=back&intObjectID=6327031&from=salessummary&lid=1
A MEROVINGIAN GOLD AND GARNET BUCKLE,"Price Realised
GBP 18,750",CIRCA 5TH-6TH CENTURY A.D.,https://www.christies.com/lot/lot-6327032?ldp_breadcrumb=back&intObjectID=6327032&from=salessummary&lid=1
A MEROVINGIAN GOLD DISC BROOCH,"Price Realised
GBP 15,000",CIRCA SECOND HALF OF THE 6TH CENTURY A.D.,https://www.christies.com/lot/lot-6327033?ldp_breadcrumb=back&intObjectID=6327033&from=salessummary&lid=1
AN EGYPTIAN DIORITE JAR,"Price Realised
USD 32,500","PREDYNASTIC TO EARLY DYNASTIC PERIOD, CIRCA 3500-2600 B.C.",https://www.christies.com/lot/lot-6312695?ldp_breadcrumb=back&intObjectID=6312695&from=salessummary&lid=1
AN EGYPTIAN GRANODIORITE JAR,"Price Realised
USD 75,000","PREDYNASTIC TO EARLY DYNASTIC PERIOD, CIRCA 3500-2600 B.C.",https://www.christies.com/lot/lot-6312696?ldp_breadcrumb=back&intObjectID=6312696&from=salessummary&lid=1
AN EGYPTIAN PEGMATITIC HORNBLENDE DIORITE BOWL,"Price Realised
USD 18,750","EARLY DYNASTIC PERIOD, CIRCA 3000-2686 B.C.",https://www.christies.com/lot/lot-6312697?ldp_breadcrumb=back&intObjectID=6312697&from=salessummary&lid=1
AN EGYPTIAN PEGMATITIC DIORITE BOWL,"Price Realised
USD 12,500","EARLY DYNASTIC PERIOD, CIRCA 3000-2686 B.C.",https://www.christies.com/lot/lot-6312698?ldp_breadcrumb=back&intObjectID=6312698&from=salessummary&lid=1
AN EGYPTIAN GRANODIORITE BOWL,"Price Realised
USD 62,500","EARLY DYNASTIC PERIOD, CIRCA 3000-2686 B.C.",https://www.christies.com/lot/lot-6312699?ldp_breadcrumb=back&intObjectID=6312699&from=salessummary&lid=1
AN EGYPTIAN OBSIDIAN PORTRAIT HEAD OF THE PHARAOH AHMOSE OR AMENHOTEP I,"Price Realised
USD 131,250","NEW KINGDOM, 18TH DYNASTY, CIRCA 1550-1504 B.C.",https://www.christies.com/lot/lot-6312700?ldp_breadcrumb=back&intObjectID=6312700&from=salessummary&lid=1
AN EGYPTIAN LIMESTONE TALATAT,"Price Realised
USD 143,750","NEW KINGDOM, 18TH DYNASTY, REIGN OF AKHENATEN, CIRCA 1352-1336 B.C.",https://www.christies.com/lot/lot-6312701?ldp_breadcrumb=back&intObjectID=6312701&from=salessummary&lid=1
AN EGYPTIAN LIMESTONE RELIEF FRAGMENT,"Price Realised
USD 81,250","NEW KINGDOM, EARLY 19TH DYNASTY, REIGN OF SETI I, 1294-1279 B.C.",https://www.christies.com/lot/lot-6312703?ldp_breadcrumb=back&intObjectID=6312703&from=salessummary&lid=1
AN EGYPTIAN ALABASTER JAR,"Price Realised
USD 16,250","NEW KINGDOM, 18TH DYNASTY, 1550-1295 B.C.",https://www.christies.com/lot/lot-6312704?ldp_breadcrumb=back&intObjectID=6312704&from=salessummary&lid=1
AN EGYPTIAN BRONZE ISIS AND HORUS,"Price Realised
USD 13,750","25TH DYNASTY, 747-656 B.C.",https://www.christies.com/lot/lot-6312705?ldp_breadcrumb=back&intObjectID=6312705&from=salessummary&lid=1
AN EGYPTIAN LIMESTONE SCULPTOR’S MODEL OF HATHOR,"Price Realised
USD 40,000","PTOLEMAIC PERIOD, CIRCA 332-30 B.C.",https://www.christies.com/lot/lot-6312707?ldp_breadcrumb=back&intObjectID=6312707&from=salessummary&lid=1
AN EGYPTIAN BRONZE SEKHMET,"Price Realised
USD 11,250","LATE PERIOD TO PTOLEMAIC PERIOD, 664-30 B.C.",https://www.christies.com/lot/lot-6312709?ldp_breadcrumb=back&intObjectID=6312709&from=salessummary&lid=1
AN EGYPTIAN BRONZE HARPOCRATES,"Price Realised
USD 7,500","LATE PERIOD TO PTOLEMAIC PERIOD, 664-30 B.C.",https://www.christies.com/lot/lot-6312710?ldp_breadcrumb=back&intObjectID=6312710&from=salessummary&lid=1
AN EGYPTIAN BRONZE HARPOCRATES WITH COPPER AND SILVER INLAYS,"Price Realised
USD 10,000","LATE PERIOD TO PTOLEMAIC PERIOD, 664-30 B.C.",https://www.christies.com/lot/lot-6312711?ldp_breadcrumb=back&intObjectID=6312711&from=salessummary&lid=1
AN EGYPTIAN BRONZE HARPOCRATES ON A LOTUS,"Price Realised
USD 8,125","LATE PERIOD, CIRCA 664-332 B.C.",https://www.christies.com/lot/lot-6312712?ldp_breadcrumb=back&intObjectID=6312712&from=salessummary&lid=1
AN EGYPTIAN SILVER IBIS,"Price Realised
USD 20,000","PTOLEMAIC PERIOD, 332-30 B.C.",https://www.christies.com/lot/lot-6312713?ldp_breadcrumb=back&intObjectID=6312713&from=salessummary&lid=1
AN EGYPTIAN GILT CARTONNAGE MUMMY MASK,"Price Realised
USD 56,250","LATE PTOLEMAIC TO EARLY ROMAN PERIOD, CIRCA 1ST CENTURY B.C.-1ST CENTURY A.D.",https://www.christies.com/lot/lot-6312715?ldp_breadcrumb=back&intObjectID=6312715&from=salessummary&lid=1
AN EGYPTIAN PAINTED STUCCO MUMMY MASK OF A MAN WITH INLAID GLASS EYES,"Price Realised
USD 32,500","ROMAN PERIOD, CIRCA 2ND CENTURY A.D.",https://www.christies.com/lot/lot-6312716?ldp_breadcrumb=back&intObjectID=6312716&from=salessummary&lid=1
A BACTRIAN GOLD SPIRAL NECKLACE WITH DISK PENDANT,"Price Realised
USD 5,625",CIRCA LATE 3RD -EARLY 2ND MILLENNIUM B.C.,https://www.christies.com/lot/lot-6312717?ldp_breadcrumb=back&intObjectID=6312717&from=salessummary&lid=1
A BACTRIAN COPPER ALLOY COSMETIC VESSEL IN THE FORM OF A BULL,"Price Realised
USD 4,750",CIRCA LATE 3RD-EARLY 2ND MILLENNIUM B.C.,https://www.christies.com/lot/lot-6312719?ldp_breadcrumb=back&intObjectID=6312719&from=salessummary&lid=1
A LURISTAN BRONZE AND STONE DAGGER,"Price Realised
USD 87,500",CIRCA LATE 2ND-EARLY 1ST MILLENNIUM B.C.,https://www.christies.com/lot/lot-6312720?ldp_breadcrumb=back&intObjectID=6312720&from=salessummary&lid=1
FOUR SUMERIAN CLAY CUNEIFORM TABLETS,"Price Realised
USD 35,000","GIRSU, THIRD DYNASTY OF UR, CIRCA 2112-2004 B.C.",https://www.christies.com/lot/lot-6312721?ldp_breadcrumb=back&intObjectID=6312721&from=salessummary&lid=1
FOUR SUMERIAN CLAY CUNEIFORM TABLETS,"Price Realised
USD 40,000","GIRSU, THIRD DYNASTY OF UR, CIRCA 2112-2004 B.C.",https://www.christies.com/lot/lot-6312722?ldp_breadcrumb=back&intObjectID=6312722&from=salessummary&lid=1
TWO NEO-ASSYRIAN INSCRIBED GYPSUM FRAGMENTS,"Price Realised
USD 40,000","REIGN OF SENNACHERIB, 704-681 B.C.",https://www.christies.com/lot/lot-6312723?ldp_breadcrumb=back&intObjectID=6312723&from=salessummary&lid=1
THREE CARTHAGINIAN GLASS HEAD PENDANTS,"Price Realised
USD 7,500",CIRCA 7TH- 5TH CENTURY B.C.,https://www.christies.com/lot/lot-6312724?ldp_breadcrumb=back&intObjectID=6312724&from=salessummary&lid=1
FOUR CARTHAGINIAN GLASS HEAD PENDANTS,"Price Realised
USD 40,000",CIRCA 7TH-4TH CENTURY B.C.,https://www.christies.com/lot/lot-6312725?ldp_breadcrumb=back&intObjectID=6312725&from=salessummary&lid=1
A SARMATIAN GOLD AND GARNET FINIAL,"Price Realised
USD 38,750",CIRCA 1ST-2ND CENTURY A.D.,https://www.christies.com/lot/lot-6312726?ldp_breadcrumb=back&intObjectID=6312726&from=salessummary&lid=1
A BACTRIAN CHLORITE AND LIMESTONE SEATED FEMALE FIGURE,"Price Realised
USD 31,250",CIRCA LATE 3RD-EARLY 2ND MILLENNIUM B.C.,https://www.christies.com/lot/lot-6312727?ldp_breadcrumb=back&intObjectID=6312727&from=salessummary&lid=1
AN ETRUSCAN BRONZE MIRROR,"Price Realised
USD 9,375",CIRCA 3RD CENTURY B.C.,https://www.christies.com/lot/lot-6312728?ldp_breadcrumb=back&intObjectID=6312728&from=salessummary&lid=1
A ROMAN MARBLE HORSE HEAD,"Price Realised
USD 15,000",CIRCA 1ST-2ND CENTURY A.D.,https://www.christies.com/lot/lot-6312729?ldp_breadcrumb=back&intObjectID=6312729&from=salessummary&lid=1
A GREEK MARBLE STELE FOR DIONYSIUS AND APOLLONIUS,"Price Realised
USD 20,000","HELLENISTIC PERIOD, CIRCA 2ND CENTURY B.C.",https://www.christies.com/lot/lot-6312730?ldp_breadcrumb=back&intObjectID=6312730&from=salessummary&lid=1
A ROMAN MARBLE HYGEIA,"Price Realised
USD 325,000",CIRCA LATE 1ST CENTURY B.C.-EARLY 1ST CENTURY A.D.,https://www.christies.com/lot/lot-6312731?ldp_breadcrumb=back&intObjectID=6312731&from=salessummary&lid=1
A ROMAN BRONZE TOGATUS,"Price Realised
USD 10,000",CIRCA 1ST CENTURY A.D.,https://www.christies.com/lot/lot-6312732?ldp_breadcrumb=back&intObjectID=6312732&from=salessummary&lid=1
A ROMAN BRONZE PANTHER,"Price Realised
USD 3,500",CIRCA 2ND-3RD CENTURY A.D.,https://www.christies.com/lot/lot-6312733?ldp_breadcrumb=back&intObjectID=6312733&from=salessummary&lid=1
A ROMAN BRONZE BUST OF A SATYR,"Price Realised
USD 3,000",CIRCA 1ST-2ND CENTURY A.D.,https://www.christies.com/lot/lot-6312734?ldp_breadcrumb=back&intObjectID=6312734&from=salessummary&lid=1
A ROMAN BRONZE CHARIOT FITTING WITH ATTIS,"Price Realised
USD 3,750",CIRCA 2ND-3RD CENTURY A.D.,https://www.christies.com/lot/lot-6312735?ldp_breadcrumb=back&intObjectID=6312735&from=salessummary&lid=1
A ROMAN BRONZE STAG,"Price Realised
USD 11,250",CIRCA 1ST CENTURY A.D.,https://www.christies.com/lot/lot-6312736?ldp_breadcrumb=back&intObjectID=6312736&from=salessummary&lid=1
A ROMAN MARBLE MUSE OURANIA,"Price Realised
USD 75,000",CIRCA 1ST-2ND CENTURY A.D.,https://www.christies.com/lot/lot-6312737?ldp_breadcrumb=back&intObjectID=6312737&from=salessummary&lid=1
A ROMAN MARBLE TRAPEZOPHORUS WITH SILENUS AND THE INFANT BACCHUS,"Price Realised
USD 30,000",CIRCA 1ST-2ND CENTURY A.D.,https://www.christies.com/lot/lot-6312738?ldp_breadcrumb=back&intObjectID=6312738&from=salessummary&lid=1
A LATE ROMAN MARBLE COLUMN CAPITAL,"Price Realised
USD 5,625",CIRCA 4TH CENTURY A.D.,https://www.christies.com/lot/lot-6312739?ldp_breadcrumb=back&intObjectID=6312739&from=salessummary&lid=1
A CYCLADIC MARBLE FEMALE FIGURE,"Price Realised
USD 21,250","LOUROS VARIETY, EARLY CYCLADIC I-II, CIRCA 2800-2700 B.C.",https://www.christies.com/lot/lot-6312740?ldp_breadcrumb=back&intObjectID=6312740&from=salessummary&lid=1
A MYCENAEAN POTTERY AMPHOROID KRATER,"Price Realised
USD 106,250","LATE HELLADIC IIIC, CIRCA 1200-1100 B.C.",https://www.christies.com/lot/lot-6312741?ldp_breadcrumb=back&intObjectID=6312741&from=salessummary&lid=1
A GREEK BRONZE FIBULA,"Price Realised
USD 8,125","THESSALY, GEOMETRIC PERIOD, CIRCA 8TH CENTURY B.C.",https://www.christies.com/lot/lot-6312742?ldp_breadcrumb=back&intObjectID=6312742&from=salessummary&lid=1
AN ATTIC POTTERY KANTHAROS,"Price Realised
USD 8,125","GEOMETRIC PERIOD, CIRCA 750 B.C.",https://www.christies.com/lot/lot-6312743?ldp_breadcrumb=back&intObjectID=6312743&from=salessummary&lid=1
A CORINTHIAN POTTERY FIGURAL ARYBALLOS,"Price Realised
USD 875",CIRCA EARLY 6TH CENTURY B.C.,https://www.christies.com/lot/lot-6312744?ldp_breadcrumb=back&intObjectID=6312744&from=salessummary&lid=1
A GREEK BRONZE HELMET OF CORINTHIAN TYPE,"Price Realised
USD 106,250",CIRCA MID 6TH CENTURY B.C.,https://www.christies.com/lot/lot-6312746?ldp_breadcrumb=back&intObjectID=6312746&from=salessummary&lid=1
AN ATTIC BLACK-FIGURED NECK-AMPHORA,"Price Realised
USD 93,750","GROUP OF MUNICH 1501, CIRCA 530-520 B.C..",https://www.christies.com/lot/lot-6312747?ldp_breadcrumb=back&intObjectID=6312747&from=salessummary&lid=1
AN ATTIC BLACK-FIGURED NECK-AMPHORA,"Price Realised
USD 100,000","ATTRIBUTRED TO ACHELOOS PAINTER, CIRCA 520-510 B.C..",https://www.christies.com/lot/lot-6312748?ldp_breadcrumb=back&intObjectID=6312748&from=salessummary&lid=1
AN ATTIC BLACK-FIGURED EYE-CUP,"Price Realised
USD 43,750","ATTRIBUTED TO THE GROUP OF THE COURTING CUPS, CIRCA 520 B.C.",https://www.christies.com/lot/lot-6312749?ldp_breadcrumb=back&intObjectID=6312749&from=salessummary&lid=1
AN ATTIC BLACK-FIGURED NECK-AMPHORA,"Price Realised
USD 52,500",CIRCA 500 B.C.,https://www.christies.com/lot/lot-6312750?ldp_breadcrumb=back&intObjectID=6312750&from=salessummary&lid=1
AN ATTIC BLACK-FIGURED LIP-CUP,"Price Realised
USD 30,000",CIRCA 530-520 B.C.,https://www.christies.com/lot/lot-6312751?ldp_breadcrumb=back&intObjectID=6312751&from=salessummary&lid=1
A CYPRIOT LIMESTONE MALE VOTARY,"Price Realised
USD 43,750","ARCHAIC PERIOD, CIRCA LATE 6TH CENTURY B.C.",https://www.christies.com/lot/lot-6312752?ldp_breadcrumb=back&intObjectID=6312752&from=salessummary&lid=1
AN ATTIC BLACK-FIGURED COLUMN-KRATER,"Price Realised
USD 56,250","ATTRIBUTED TO THE RYCROFT PAINTER, CIRCA 510 B.C.",https://www.christies.com/lot/lot-6312753?ldp_breadcrumb=back&intObjectID=6312753&from=salessummary&lid=1
A GREEK CARNELIAN SCARAB WITH A RUNNING YOUTH,"Price Realised
USD 250,000","ATTRIBUTED TO THE SLIM SATYR GROUP, ARCHAIC PERIOD, CIRCA 530 B.C.",https://www.christies.com/lot/lot-6312754?ldp_breadcrumb=back&intObjectID=6312754&from=salessummary&lid=1
AN ATTIC BLACK-FIGURED TREFOIL OINOCHOE,"Price Realised
USD 30,000",CIRCA EARLY 5TH CENTURY B.C.,https://www.christies.com/lot/lot-6312755?ldp_breadcrumb=back&intObjectID=6312755&from=salessummary&lid=1
AN ATTIC BLACK-FIGURED NECK-AMPHORA,"Price Realised
USD 23,750",CIRCA 510-500 B.C.,https://www.christies.com/lot/lot-6312756?ldp_breadcrumb=back&intObjectID=6312756&from=salessummary&lid=1
AN ATTIC BLACK-FIGURED LEKYTHOS,"Price Realised
USD 23,750","ATTRIBUTED TO THE THESEUS PAINTER, CIRCA 500 B.C.",https://www.christies.com/lot/lot-6312757?ldp_breadcrumb=back&intObjectID=6312757&from=salessummary&lid=1
AN ATTIC BLACK-FIGURED CUP-SKYPHOS,"Price Realised
USD 5,625",CIRCA EARLY 5TH CENTURY B.C.,https://www.christies.com/lot/lot-6312758?ldp_breadcrumb=back&intObjectID=6312758&from=salessummary&lid=1
AN ATTIC WHITE-GROUND BLACK-FIGURED EYE-CUP,"Price Realised
USD 35,000","MANNER OF THE PITTSBURGH PAINTER, CIRCA 525-500 B.C.",https://www.christies.com/lot/lot-6312759?ldp_breadcrumb=back&intObjectID=6312759&from=salessummary&lid=1
AN ATTIC WHITE-GROUND BLACK-FIGURED LEKYTHOS,"Price Realised
USD 18,750","ATTRIBUTED TO THE SAPPHO PAINTER, CIRCA 500-490 B.C.",https://www.christies.com/lot/lot-6312760?ldp_breadcrumb=back&intObjectID=6312760&from=salessummary&lid=1
AN ATTIC RED-FIGURED KYLIX,"Price Realised
USD 10,000","MANNER OF THE EPELEIOS PAINTER, CIRCA 510 B.C.",https://www.christies.com/lot/lot-6312761?ldp_breadcrumb=back&intObjectID=6312761&from=salessummary&lid=1
AN ATTIC RED-FIGURED COLUMN-KRATER,"Price Realised
USD 11,875","ATTRIBUTED TO THE HARROW PAINTER, CIRCA 480-470 B.C.",https://www.christies.com/lot/lot-6312762?ldp_breadcrumb=back&intObjectID=6312762&from=salessummary&lid=1
AN ATTIC RED-FIGURED LIDDED PYXIS,"Price Realised
USD 4,000","ATTRIBUTED TO THE WORKSHOP OF THE PENTHESILEA PAINTER, CIRCA 450 B.C.",https://www.christies.com/lot/lot-6312764?ldp_breadcrumb=back&intObjectID=6312764&from=salessummary&lid=1
AN ATTIC OUTLINE WHITE-GROUND LEKYTHOS,"Price Realised
USD 12,500",CIRCA 450 B.C.,https://www.christies.com/lot/lot-6312765?ldp_breadcrumb=back&intObjectID=6312765&from=salessummary&lid=1
A GREEK BRONZE HELMET OF PSEUDO-CORINTHIAN TYPE,"Price Realised
USD 40,000","MAGNA GRAECIA, CLASSICAL PERIOD, CIRCA 5TH CENTURY B.C.",https://www.christies.com/lot/lot-6312766?ldp_breadcrumb=back&intObjectID=6312766&from=salessummary&lid=1
A GREEK MARBLE MALE HEAD,"Price Realised
USD 25,000","LATE CLASSICAL TO EARLY HELLENISTIC PERIOD, CIRCA LATE 4TH-EARLY 3RD CENTURY B.C.",https://www.christies.com/lot/lot-6312767?ldp_breadcrumb=back&intObjectID=6312767&from=salessummary&lid=1
AN ATTIC RED-FIGURED KYLIX,"Price Realised
USD 12,500","WORKSHOP OF THE JENA PAINTER, CIRCA EARLY 4TH CENTURY B.C.",https://www.christies.com/lot/lot-6312769?ldp_breadcrumb=back&intObjectID=6312769&from=salessummary&lid=1
A LUCANIAN RED-FIGURED BELL-KRATER,"Price Realised
USD 27,500","ATTRIBUTED TO THE CREUSA PAINTER, CIRCA 400 B.C.",https://www.christies.com/lot/lot-6312770?ldp_breadcrumb=back&intObjectID=6312770&from=salessummary&lid=1
AN APULIAN RED-FIGURED BELL-KRATER,"Price Realised
USD 7,500",CIRCA EARLY 4TH CENTURY B.C.,https://www.christies.com/lot/lot-6312772?ldp_breadcrumb=back&intObjectID=6312772&from=salessummary&lid=1
A PAESTAN RED-FIGURED LEKANIS,"Price Realised
USD 25,000",CIRCA 350 B.C.,https://www.christies.com/lot/lot-6312773?ldp_breadcrumb=back&intObjectID=6312773&from=salessummary&lid=1
AN APULIAN GNATHIAN-WARE OINOCHOE,"Price Realised
USD 27,500",CIRCA 330-300 B.C.,https://www.christies.com/lot/lot-6312776?ldp_breadcrumb=back&intObjectID=6312776&from=salessummary&lid=1
A GREEK TERRACOTTA FEMALE FIGURE,"Price Realised
USD 11,250","HELLENISTIC PERIOD, CIRCA 3RD CENTURY B.C.",https://www.christies.com/lot/lot-6312777?ldp_breadcrumb=back&intObjectID=6312777&from=salessummary&lid=1
A GREEK TERRACOTTA FEMALE FIGURE,"Price Realised
USD 7,500","CANOSA, HELLENISTIC PERIOD, CIRCA 3RD CENTURY B.C.",https://www.christies.com/lot/lot-6312778?ldp_breadcrumb=back&intObjectID=6312778&from=salessummary&lid=1
A GREEK MARBLE HEAD OF A BOY,"Price Realised
USD 20,000","LATE HELLENISTIC PERIOD, CIRCA 2ND-1ST CENTURY B.C.",https://www.christies.com/lot/lot-6312779?ldp_breadcrumb=back&intObjectID=6312779&from=salessummary&lid=1
A GREEK MARBLE APHRODITE,"Price Realised
USD 68,750","LATE HELLENISTIC PERIOD, CIRCA 2ND-1ST CENTURY B.C.",https://www.christies.com/lot/lot-6312780?ldp_breadcrumb=back&intObjectID=6312780&from=salessummary&lid=1
AN ETRUSCAN POTTERY OLPE,"Price Realised
USD 16,250",CIRCA LATE 7TH CENTURY B.C.,https://www.christies.com/lot/lot-6312782?ldp_breadcrumb=back&intObjectID=6312782&from=salessummary&lid=1
AN ETRUSCAN GOLD AND BANDED AGATE SCARAB FINGER RING,"Price Realised
USD 21,250",CIRCA 4TH CENTURY B.C.,https://www.christies.com/lot/lot-6312783?ldp_breadcrumb=back&intObjectID=6312783&from=salessummary&lid=1
AN ETRUSCAN BRONZE HERCLE,"Price Realised
USD 6,000",CIRCA 3RD CENTURY B.C.,https://www.christies.com/lot/lot-6312784?ldp_breadcrumb=back&intObjectID=6312784&from=salessummary&lid=1
A ROMAN MARBLE HERM WITH BACCHUS,"Price Realised
USD 100,000",CIRCA 1ST CENTURY A.D.,https://www.christies.com/lot/lot-6312785?ldp_breadcrumb=back&intObjectID=6312785&from=salessummary&lid=1
A ROMAN BRONZE JUPITER,"Price Realised
USD 2,250",CIRCA 1ST CENTURY A.D.,https://www.christies.com/lot/lot-6312787?ldp_breadcrumb=back&intObjectID=6312787&from=salessummary&lid=1
A ROMAN MARBLE FEMALE BUST,"Price Realised
USD 20,000","JULIO-CLAUDIAN PERIOD, CIRCA 1ST CENTURY B.C.-1ST CENTURY A.D.",https://www.christies.com/lot/lot-6312788?ldp_breadcrumb=back&intObjectID=6312788&from=salessummary&lid=1
A ROMAN BRONZE ASCLEPIUS,"Price Realised
USD 11,250",CIRCA 1ST CENTURY A.D.,https://www.christies.com/lot/lot-6312789?ldp_breadcrumb=back&intObjectID=6312789&from=salessummary&lid=1
A ROMAN MARBLE PORTRAIT HEAD OF A MAN,"Price Realised
USD 200,000","FLAVIAN PERIOD, CIRCA LATE 1ST CENTURY A.D.",https://www.christies.com/lot/lot-6312791?ldp_breadcrumb=back&intObjectID=6312791&from=salessummary&lid=1
A ROMAN MARBLE RIGHT HAND,"Price Realised
USD 21,250",CIRCA 1ST-2ND CENTURY A.D.,https://www.christies.com/lot/lot-6312792?ldp_breadcrumb=back&intObjectID=6312792&from=salessummary&lid=1
A ROMAN MARBLE JANIFORM HERM HEAD,"Price Realised
USD 100,000",CIRCA 1ST-2ND CENTURY A.D.,https://www.christies.com/lot/lot-6312795?ldp_breadcrumb=back&intObjectID=6312795&from=salessummary&lid=1
A ROMAN BRONZE DIOSCUROS,"Price Realised
USD 18,750",CIRCA 2ND CENTURY A.D.,https://www.christies.com/lot/lot-6312797?ldp_breadcrumb=back&intObjectID=6312797&from=salessummary&lid=1
A ROMAN BRONZE OLPE,No Data,CIRCA 1ST CENTURY A.D.,https://www.christies.com/lot/lot-6312798?ldp_breadcrumb=back&intObjectID=6312798&from=salessummary&lid=1
A ROMAN MARBLE PORTRAIT OF THE ORATOR LYSIAS,"Price Realised
USD 100,000",CIRCA 1ST-2ND CENTURY A.D.,https://www.christies.com/lot/lot-6312799?ldp_breadcrumb=back&intObjectID=6312799&from=salessummary&lid=1
A ROMAN MARBLE HEAD OF A BULL,"Price Realised
USD 100,000",CIRCA 1ST-2ND CENTURY A.D.,https://www.christies.com/lot/lot-6312800?ldp_breadcrumb=back&intObjectID=6312800&from=salessummary&lid=1
A ROMAN MARBLE HEAD OF A SATYR,"Price Realised
USD 100,000",CIRCA 2ND CENTURY A.D.,https://www.christies.com/lot/lot-6312801?ldp_breadcrumb=back&intObjectID=6312801&from=salessummary&lid=1
A ROMAN GIALLO ANTICO HERM HEAD OF HERCULES,"Price Realised
USD 12,500",CIRCA 2ND CENTURY A.D.,https://www.christies.com/lot/lot-6312802?ldp_breadcrumb=back&intObjectID=6312802&from=salessummary&lid=1
A ROMAN MARBLE PORTRAIT BUST OF A MAN,"Price Realised
USD 87,500","HADRIANIC PERIOD, CIRCA EARLY 2ND CENTURY A.D.",https://www.christies.com/lot/lot-6312804?ldp_breadcrumb=back&intObjectID=6312804&from=salessummary&lid=1
A ROMAN MARBLE PORTRAIT BUST OF A MAN,"Price Realised
USD 125,000",CIRCA EARLY 2ND CENTURY A.D.,https://www.christies.com/lot/lot-6312805?ldp_breadcrumb=back&intObjectID=6312805&from=salessummary&lid=1
A ROMAN BRONZE VENUS,"Price Realised
USD 15,000",CIRCA 2ND CENTURY A.D.,https://www.christies.com/lot/lot-6312808?ldp_breadcrumb=back&intObjectID=6312808&from=salessummary&lid=1
A ROMAN BRONZE VENUS,"Price Realised
USD 10,000",CIRCA 1ST-2ND CENTURY A.D.,https://www.christies.com/lot/lot-6312810?ldp_breadcrumb=back&intObjectID=6312810&from=salessummary&lid=1
A ROMAN MARBLE SARCOPHAGUS FRAGMENT,"Price Realised
USD 40,000",CIRCA MID 2ND CENTURY A.D.,https://www.christies.com/lot/lot-6312811?ldp_breadcrumb=back&intObjectID=6312811&from=salessummary&lid=1
A ROMAN GOLD AND YELLOW JASPER INTAGLIO PENDANT WITH BACCHUS ON A LION,"Price Realised
USD 18,750",CIRCA 2ND CENTURY A.D.,https://www.christies.com/lot/lot-6312812?ldp_breadcrumb=back&intObjectID=6312812&from=salessummary&lid=1
A ROMAN GOLD AND CARNELIAN NECKLACE,"Price Realised
USD 6,000",CIRCA 2ND-3RD CENTURY A.D.,https://www.christies.com/lot/lot-6312813?ldp_breadcrumb=back&intObjectID=6312813&from=salessummary&lid=1
"A ROMAN BRONZE, GLASS AND ENAMEL PYXIS","Price Realised
USD 12,500",CIRCA 3RD CENTURY A.D.,https://www.christies.com/lot/lot-6312814?ldp_breadcrumb=back&intObjectID=6312814&from=salessummary&lid=1
A ROMAN MARBLE MOSAIC FLOOR,"Price Realised
USD 187,500",CIRCA 4TH-5TH CENTURY A.D.,https://www.christies.com/lot/lot-6312816?ldp_breadcrumb=back&intObjectID=6312816&from=salessummary&lid=1
